route	pr_or_external_source	reviewed_sha	path_or_source	claim_id	short_statement	mathematical_type	review_verdict	lifecycle	rh_relationship	formalization_status	dependencies	surviving_scope	superseded_or_refuted_by	integration_action	notes
Pole-block correction	PR #368	f6951a6bdb78a0778ca4b62e816c4c0a715ade0f	claims/refutations/R-90501-pole-contribution-is-hyperbolic-not-two-positive-squares.md	R-90501	The explicit-formula pole contribution is a hyperbolic cross block, not two positive squares	REFUTATION	VERIFIED	final live correction	local operator correction; upstream headline theorem unaffected	no Lean	Hermitian Fourier convention	corrects first #368 pole model	integrate prominently	Exact mutation (1,-1) changes sign between the models
Pole-null index shift	PR #368	f6951a6bdb78a0778ca4b62e816c4c0a715ade0f	claims/lemmas/L-90506-pole-cardinals-and-exact-index-one-shift.md	L-90506	One forced negative pole direction and pole-null index equal to the off-line-pair count	UNCONDITIONAL THEOREM	VERIFIED WITH FIXES	live corrected lemma	operator criterion infrastructure	no Lean	R-90501; Xi-cardinal capture; trace-class completion	index formulas and projected operator	older diagonal-pole version	integrate corrected head	Say determinant zeros counted with multiplicity, not necessarily distinct locations
Intrinsic Darboux completion	PR #368	f6951a6bdb78a0778ca4b62e816c4c0a715ade0f	claims/lemmas/L-90508-intrinsic-pole-null-darboux-completion.md	L-90508	The multiplier z^2+1/4 gives an intrinsic pole-null trace-class completion capturing every off-line cardinal	UNCONDITIONAL THEOREM	VERIFIED WITH FIXES	live new lemma	independent analytic operator infrastructure	no Lean	L-90505; L-90506; PR #365	trace class, prime-shift summability, exact index		integrate as infrastructure	All-order expansion includes archimedean continuum as well as discrete primes
Intrinsic Darboux Fredholm criterion	PR #368	f6951a6bdb78a0778ca4b62e816c4c0a715ade0f	claims/theorems/T-90503-intrinsic-darboux-fredholm-rh-equivalence.md	T-90503	Darboux operator positivity, Fredholm positivity, heat sign, derivative sign, and moment-Hankel positivity are equivalent to RH	RH-EQUIVALENT CRITERION	VERIFIED WITH FIXES	live terminal criterion	explicitly RH-equivalent	no Lean	L-90508; trace-class spectral calculus	clean intrinsic criterion	T-90502	integrate as open criterion	No unconditional prime-side sign theorem
Minimal positive pole completion	PR #368	f6951a6bdb78a0778ca4b62e816c4c0a715ade0f	claims/lemmas/L-90509-minimal-rank-one-positive-pole-completion.md	L-90509	One rank-one square is the unique trace-minimal PSD completion of the hyperbolic pole block	UNCONDITIONAL THEOREM	VERIFIED	live new lemma	independent analytic operator infrastructure	no Lean	R-90501; Xi-cardinal capture	constraint-free completed form with exact index		integrate	Corrected cardinals lie in the kernel of the added square
Rank-one completed Fredholm criterion	PR #368	f6951a6bdb78a0778ca4b62e816c4c0a715ade0f	claims/theorems/T-90504-rank-one-completed-fredholm-rh-equivalence.md	T-90504	Rank-one completed operator positivity, Fredholm positivity, heat sign, derivative sign, and moment-Hankel positivity are equivalent to RH	RH-EQUIVALENT CRITERION	VERIFIED WITH FIXES	live preferred unconstrained criterion	explicitly RH-equivalent	no Lean	L-90505; L-90509; trace-class spectral calculus	clean unconstrained criterion	T-90502	integrate as open criterion	No unconditional Perron-Frobenius/polymer/prime-side sign theorem
Levy-prime heat formulation	PR #368	f6951a6bdb78a0778ca4b62e816c4c0a715ade0f	claims/lemmas/L-90507-archimedean-levy-form-and-entire-heat-criterion.md	L-90507	Exact digamma Levy form and entire heat-trace amplification criterion	RH-EQUIVALENT CRITERION	VERIFIED WITH FIXES	live	analytic reformulation of RH	no Lean	corrected L-90506; trace-class spectral calculus	jump-energy identity and heat criterion		integrate with scope note	Absolute value does not preserve pole-null constraints; include archimedean continuum in word expansions
Original pole-null theorem artifact	PR #368	f6951a6bdb78a0778ca4b62e816c4c0a715ade0f	claims/theorems/T-90502-pole-null-fredholm-heat-rh-equivalence.md	T-90502	Original headline pole-null theorem artifact	PROPOSED COMPLETE THEOREM	SUPERSEDED	corrupted legacy artifact	intended RH equivalence	invalid UTF-8; no Lean	old #368 assembly	no surviving canonical scope	T-90503; T-90504	block from integration	Blob f5bbc2392327b965a278917076c470f7eb15f359 remains corrupted
PR #368 movement	PR #368	0de8f97f37617c050534c242ee3761af15b87a97 -> f6951a6bdb78a0778ca4b62e816c4c0a715ade0f	live PR head	DRIFT-368	Head moved during review and was re-reviewed at the newer SHA	ROUTE INFRASTRUCTURE	VERIFIED	final movement record	no direct RH claim	none	all final #368 conclusions frozen to f6951a6b...	original #368 rows at 0de8f97...	use this addendum as normative	Main remained d6409319b4041cd09bee85f55a344631508f2501
