input	finding	response in T-97600	classification
PR574	H^T K is the correct owner-feature product	adopted in owner-incidence discussion	INDEPENDENTLY REPROVED
PR574	owner ordering is required for incidence minor signs	adopted but not used as Hall capacity	REPAIRED SCOPE
PR574	Cauchy-Binet transports minors, not total target capacity	exact countermodel included; no Hall inference	ACCEPTED BINDING LIMITATION
PR574	odd-history X=61841 witness blocks leafwise Hall	independently recomputed; leafwise route removed	ACCEPTED AND REPROVED
PR575	completed parity owner ledger is finite and exact	independently reconstructed	INDEPENDENTLY REPROVED
PR575	rho=Q3/Q2 is monotone	retained as a valid row-2-exact edge lemma	REPROVED/RETAINED NARROWLY
PR575	scalar exactness gives Delta2<0<Delta3	included as exact no-lift theorem	ACCEPTED BINDING LIMITATION
PR575	completed scalar Hall is a finite Lorenz LP	made the canonical scalar producer and dual separator	INDEPENDENTLY REPROVED
PR575	CPSL67 remains open	identified as the first conclusion-producing arithmetic theorem	ACCEPTED EXACT FRONTIER
