method	result	load_bearing_reason
one-sided subpower SACF	RH-equivalent	PR #595 gives forward implication; L-95600 gives converse
fixed finite scale filters	exhausted	subpower inverse mass preserves X^o(1)
fixed Haar/moment annihilators	exhausted	binomial inverse mass is polylogarithmic
slowly growing filter order	exhausted under stated entropy condition	inverse mass remains X^o(1)
Vinogradov-Korobov input	genuine unconditional improvement	transfers through exact odd-Mertens identity and ten bands
finite inner moments	insufficient source-blindly	top-band sign replacement preserves moments/diagonal and creates sqrt(X)log(X)
compact-current bridge	exact	finite odd-core source equals filtered compact current plus lower-pole-order gauge
five-million scan	discovery only	negative cross after X=105 in scan; no cofinal proof
remaining theorem	open / RH-equivalent	nonlocal outer-Mobius-sign-sensitive compact-current domination
